종목,첫번째바닥,두번째바닥,넥라인,현재가,바닥차이(%),반등률(%),돌파률(%)
평화산업,1061.0,1072.0,2085.0,1002.0,1.04,96.51,-51.94
세우글로벌,1217.0,1170.0,1679.0,1044.0,4.02,37.96,-37.82
한국ANKOR유전,228.0,234.0,379.0,238.0,2.63,66.23,-37.2
평화홀딩스,4325.0,4035.0,6370.0,4090.0,7.19,47.28,-35.79
대성산업,4115.0,3980.0,5960.0,4020.0,3.39,44.84,-32.55
동양철관,1313.0,1415.0,2050.0,1415.0,7.77,56.13,-30.98
비비안,799.0,786.0,1112.0,769.0,1.65,39.17,-30.85
시프트업,43350.0,40150.0,58500.0,41600.0,7.97,34.95,-28.89
시디즈,26150.0,25200.0,35700.0,25400.0,3.77,36.52,-28.85
비상교육,5240.0,5230.0,7670.0,5470.0,0.19,46.37,-28.68
덴티움,61100.0,61000.0,79000.0,56400.0,0.16,29.3,-28.61
흥아해운,1543.0,1625.0,2290.0,1647.0,5.31,48.41,-28.08
마니커,828.0,823.0,1156.0,834.0,0.61,39.61,-27.85
한화생명,3185.0,3075.0,4240.0,3100.0,3.58,33.12,-26.89
크라운해태홀딩스,7450.0,7510.0,9780.0,7180.0,0.81,31.28,-26.58
태양금속우,3180.0,3090.0,4250.0,3130.0,2.91,33.65,-26.35
대한제당,2730.0,2720.0,4010.0,2955.0,0.37,46.89,-26.31
영보화학,4300.0,4250.0,5820.0,4375.0,1.18,35.35,-24.83
해성디에스,21750.0,22000.0,29700.0,22600.0,1.15,36.55,-23.91
한국종합기술,4955.0,4905.0,6460.0,4920.0,1.02,30.37,-23.84
유니드,69400.0,73900.0,97600.0,74800.0,6.48,40.63,-23.36
DS단석,20350.0,20300.0,28050.0,21500.0,0.25,37.84,-23.35
호전실업,7420.0,6880.0,9140.0,7020.0,7.85,23.18,-23.19
남선알미늄,1229.0,1206.0,1469.0,1130.0,1.91,19.53,-23.08
대성에너지,7510.0,7950.0,10360.0,8020.0,5.86,37.95,-22.59
대상홀딩스우,13580.0,12720.0,16450.0,12740.0,6.76,21.13,-22.55
인터지스,2680.0,2820.0,3475.0,2695.0,5.22,29.66,-22.45
지누스,16410.0,16500.0,21700.0,16920.0,0.55,32.24,-22.03
한창제지,689.0,640.0,823.0,642.0,7.66,19.45,-21.99
효성티앤씨,231000.0,215000.0,274500.0,215000.0,7.44,18.83,-21.68
깨끗한나라우,11580.0,11740.0,14820.0,11610.0,1.38,27.98,-21.66
송원산업,10520.0,10110.0,12980.0,10220.0,4.06,23.38,-21.26
화승엔터프라이즈,7240.0,6680.0,8680.0,6840.0,8.38,19.89,-21.2
빙그레,84500.0,82000.0,90500.0,71400.0,3.05,7.1,-21.1
삼성출판사,16130.0,16030.0,20350.0,16140.0,0.62,26.16,-20.69
한컴라이프케어,2710.0,2680.0,3425.0,2720.0,1.12,26.38,-20.58
동인기연,13550.0,13450.0,17810.0,14190.0,0.74,31.44,-20.33
KG스틸,5630.0,5640.0,6690.0,5330.0,0.18,18.83,-20.33
오리온홀딩스,18150.0,19630.0,25600.0,20600.0,8.15,41.05,-19.53
동국홀딩스,7870.0,7310.0,9270.0,7470.0,7.66,17.79,-19.42
디와이덕양,2480.0,2470.0,2915.0,2355.0,0.4,17.54,-19.21
우신시스템,6890.0,6770.0,8440.0,6820.0,1.77,22.5,-19.19
에쓰씨엔지니어링,1175.0,1169.0,1464.0,1184.0,0.51,24.6,-19.13
유화증권,2700.0,2695.0,3350.0,2720.0,0.19,24.07,-18.81
서울식품우,1166.0,1219.0,1513.0,1230.0,4.55,29.76,-18.7
솔루스첨단소재2우B,4150.0,4055.0,4440.0,3610.0,2.34,6.99,-18.69
모나리자,2700.0,2590.0,3035.0,2470.0,4.25,12.41,-18.62
삼성공조,13480.0,13620.0,16280.0,13260.0,1.04,20.77,-18.55
아모레퍼시픽,121300.0,117300.0,145700.0,119100.0,3.41,20.12,-18.26
GS,45950.0,43650.0,55500.0,45500.0,5.27,20.78,-18.02
대상홀딩스,9300.0,9340.0,11420.0,9370.0,0.43,22.8,-17.95
삼양사,47300.0,48250.0,59200.0,48650.0,2.01,25.16,-17.82
성문전자우,4315.0,4200.0,5170.0,4250.0,2.74,19.81,-17.79
이지스밸류플러스리츠,4395.0,4257.0,4982.0,4105.0,3.24,13.36,-17.6
극동유화,3295.0,3305.0,4040.0,3335.0,0.3,22.61,-17.45
그린케미칼,7790.0,7790.0,9020.0,7450.0,0.0,15.79,-17.41
무림페이퍼,2070.0,2040.0,2485.0,2055.0,1.47,20.05,-17.3
이건산업,4865.0,4885.0,5920.0,4905.0,0.41,21.69,-17.15
세방전지,60200.0,61400.0,74400.0,61900.0,1.99,23.59,-16.8
보해양조,471.0,447.0,554.0,461.0,5.37,17.62,-16.79
금호석유화학,108100.0,106600.0,130300.0,108500.0,1.41,20.54,-16.73
한국가스공사,37750.0,39050.0,47350.0,39550.0,3.44,25.43,-16.47
LG생활건강우,119500.0,121000.0,140000.0,117400.0,1.26,17.15,-16.14
대한제분,133600.0,140300.0,170900.0,143400.0,5.01,27.92,-16.09
미원에스씨,148400.0,141200.0,166900.0,140100.0,5.1,12.47,-16.06
다올투자증권,3530.0,3415.0,4150.0,3495.0,3.37,17.56,-15.78
오리온,111100.0,110400.0,126900.0,107100.0,0.63,14.22,-15.6
LG생활건강,290000.0,292000.0,349500.0,295000.0,0.69,20.52,-15.59
종근당,82400.0,82000.0,96500.0,81600.0,0.49,17.11,-15.44
한섬,15130.0,14740.0,17980.0,15210.0,2.65,18.84,-15.41
넥스틸,12770.0,12590.0,15200.0,12870.0,1.43,19.03,-15.33
대원전선우,3840.0,3600.0,4270.0,3620.0,6.67,11.2,-15.22
쏘카,13860.0,13160.0,14770.0,12560.0,5.32,6.57,-14.96
한샘,40100.0,41850.0,50200.0,42700.0,4.36,25.19,-14.94
유엔젤,5030.0,5040.0,6170.0,5250.0,0.2,22.66,-14.91
SIMPAC,4905.0,5060.0,5210.0,4435.0,3.16,6.22,-14.88
KEC,704.0,742.0,841.0,717.0,5.4,19.46,-14.74
태영건설우,5500.0,5530.0,5980.0,5110.0,0.55,8.73,-14.55
DYP,4275.0,4500.0,4700.0,4020.0,5.26,9.94,-14.47
포스코DX,22650.0,21700.0,25600.0,21900.0,4.38,13.02,-14.45
휴비스,2970.0,2945.0,3460.0,2960.0,0.85,16.5,-14.45
미래아이앤지,1006.0,1002.0,1082.0,926.0,0.4,7.55,-14.42
디씨엠,12560.0,12160.0,14640.0,12530.0,3.29,16.56,-14.41
한화갤러리아,1065.0,1114.0,1319.0,1129.0,4.6,23.85,-14.4
유니켐,1703.0,1601.0,1875.0,1605.0,6.37,10.1,-14.4
미래산업,10980.0,10980.0,12356.0,10580.0,0.0,12.53,-14.37
대덕1우,7600.0,7990.0,9610.0,8230.0,5.13,26.45,-14.36
서원,1174.0,1166.0,1381.0,1183.0,0.69,17.63,-14.34
새론오토모티브,3100.0,3110.0,3665.0,3140.0,0.32,18.23,-14.32
롯데지주우,32550.0,30000.0,37150.0,31850.0,8.5,14.13,-14.27
신일전자,1439.0,1497.0,1551.0,1332.0,4.03,7.78,-14.12
신라교역,8860.0,9030.0,10780.0,9260.0,1.92,21.67,-14.1
HS화성,9750.0,10180.0,11860.0,10200.0,4.41,21.64,-14.0
현대코퍼레이션홀딩스,12600.0,12290.0,14570.0,12530.0,2.52,15.63,-14.0
진에어,8250.0,8290.0,9740.0,8380.0,0.48,18.06,-13.96
유니드비티플러스,3890.0,3920.0,4485.0,3865.0,0.77,15.3,-13.82
플레이그램,305.0,328.0,392.0,338.0,7.54,28.52,-13.78
이월드,1424.0,1445.0,1715.0,1479.0,1.47,20.44,-13.76
HDC,18850.0,20050.0,24800.0,21400.0,6.37,31.56,-13.71
아모레퍼시픽우,43400.0,40500.0,46600.0,40250.0,7.16,7.37,-13.63
CJ제일제당,228500.0,228500.0,269500.0,233000.0,0.0,17.94,-13.54
부국철강,2250.0,2340.0,2740.0,2370.0,4.0,21.78,-13.5
대동,9200.0,9670.0,11480.0,9940.0,5.11,24.78,-13.41
써니전자,1653.0,1602.0,1875.0,1624.0,3.18,13.43,-13.39
참엔지니어링,1266.0,1265.0,1470.0,1274.0,0.08,16.11,-13.33
삼성제약,1447.0,1546.0,1927.0,1677.0,6.84,33.17,-12.97
하이트진로,19110.0,19080.0,22000.0,19170.0,0.16,15.12,-12.86
LX하우시스,28650.0,28100.0,33550.0,29250.0,1.96,17.1,-12.82
부광약품,3578.0,3540.0,4075.0,3555.0,1.07,13.89,-12.76
아남전자,1283.0,1315.0,1531.0,1336.0,2.49,19.33,-12.74
코오롱글로벌우,15090.0,14600.0,16770.0,14640.0,3.36,11.13,-12.7
고려산업,2610.0,2635.0,3115.0,2720.0,0.96,19.35,-12.68
문배철강,2165.0,2170.0,2525.0,2205.0,0.23,16.63,-12.67
태림포장,1924.0,1980.0,2290.0,2000.0,2.91,19.02,-12.66
기신정기,2420.0,2420.0,2825.0,2470.0,0.0,16.74,-12.57
케이비아이동국실업,479.0,479.0,552.0,483.0,0.0,15.24,-12.5
메타랩스,1315.0,1350.0,1489.0,1303.0,2.66,13.23,-12.49
CJ대한통운,80000.0,81900.0,94800.0,83000.0,2.38,18.5,-12.45
대호에이엘,1720.0,1725.0,1972.0,1727.0,0.29,14.65,-12.42
에코프로머티,48200.0,49100.0,56500.0,49600.0,1.87,17.22,-12.21
현대비앤지스틸,11330.0,11380.0,13200.0,11590.0,0.44,16.5,-12.2
까뮤이앤씨,1121.0,1156.0,1308.0,1150.0,3.12,16.68,-12.08
포스코인터내셔널,48350.0,47450.0,55700.0,49000.0,1.9,15.2,-12.03
에어부산,2040.0,1978.0,2265.0,1993.0,3.13,11.03,-12.01
덕성우,7740.0,7800.0,8530.0,7510.0,0.78,10.21,-11.96
동일산업,39450.0,40100.0,46850.0,41250.0,1.65,18.76,-11.95
대원전선,2855.0,2840.0,3190.0,2815.0,0.53,11.73,-11.76
화천기공,31850.0,30150.0,34450.0,30400.0,5.64,8.16,-11.76
LX인터내셔널,30150.0,29150.0,34100.0,30100.0,3.43,13.1,-11.73
신한글로벌액티브리츠,1455.0,1449.0,1634.0,1443.0,0.41,12.3,-11.69
경보제약,5040.0,4825.0,5640.0,4985.0,4.46,11.9,-11.61
NPC우,2345.0,2380.0,2770.0,2450.0,1.49,18.12,-11.55
무림P&P,2750.0,2595.0,2950.0,2610.0,5.97,7.27,-11.53
CR홀딩스,5120.0,5120.0,5640.0,4990.0,0.0,10.16,-11.52
유니퀘스트,6300.0,5880.0,6750.0,5990.0,7.14,7.14,-11.26
DSR,3710.0,3690.0,4140.0,3675.0,0.54,11.59,-11.23
롯데웰푸드,114000.0,116000.0,126600.0,112500.0,1.75,11.05,-11.14
경인양행,3110.0,3100.0,3500.0,3110.0,0.32,12.54,-11.14
덕성,5700.0,5750.0,6230.0,5540.0,0.88,9.3,-11.08
크라운제과우,9510.0,9510.0,10750.0,9560.0,0.0,13.04,-11.07
동아에스티,45800.0,45400.0,51600.0,45950.0,0.88,12.66,-10.95
대한해운,1605.0,1696.0,1952.0,1743.0,5.67,21.62,-10.71
삼익악기,1190.0,1245.0,1410.0,1260.0,4.62,18.49,-10.64
한국전력,36250.0,36350.0,42000.0,37550.0,0.28,15.86,-10.6
한익스프레스,3300.0,3315.0,3650.0,3265.0,0.45,10.61,-10.55
팜스코,2800.0,2650.0,3005.0,2690.0,5.66,7.32,-10.48
한국단자,60500.0,60900.0,67900.0,60800.0,0.66,12.23,-10.46
모토닉,9450.0,9760.0,11620.0,10410.0,3.28,22.96,-10.41
대현,1903.0,1879.0,2025.0,1816.0,1.28,6.41,-10.32
OCI,52400.0,52600.0,60400.0,54200.0,0.38,15.27,-10.26
한솔홈데코,706.0,711.0,772.0,693.0,0.71,9.35,-10.23
한농화성,13860.0,13930.0,15750.0,14140.0,0.51,13.64,-10.22
SK네트웍스,3925.0,4315.0,4880.0,4385.0,9.94,24.33,-10.14
롯데케미칼,58600.0,59900.0,70000.0,62900.0,2.22,19.45,-10.14
유나이티드제약,20250.0,20350.0,22350.0,20100.0,0.49,10.37,-10.07
환인제약,10560.0,11180.0,11780.0,10600.0,5.87,11.55,-10.02
남해화학,7130.0,6830.0,7610.0,6855.0,4.39,6.73,-9.92
NPC,4370.0,4275.0,4590.0,4135.0,2.22,5.03,-9.91
성신양회우,11630.0,11430.0,12870.0,11600.0,1.75,10.66,-9.87
미원홀딩스,73800.0,74300.0,78700.0,71000.0,0.68,6.64,-9.78
동남합성,33050.0,32000.0,35100.0,31700.0,3.28,6.2,-9.69
세이브존I&C,2590.0,2600.0,2950.0,2665.0,0.39,13.9,-9.66
사조대림,40750.0,40200.0,45700.0,41350.0,1.37,12.15,-9.52
진흥기업우B,3500.0,3400.0,3680.0,3330.0,2.94,5.14,-9.51
국제약품,4695.0,4660.0,5060.0,4580.0,0.75,7.77,-9.49
NH올원리츠,3408.0,3170.0,3694.0,3345.0,7.51,8.39,-9.45
보락,991.0,1004.0,1145.0,1037.0,1.31,15.54,-9.43
유유제약,4460.0,4360.0,4770.0,4320.0,2.29,6.95,-9.43
삼양패키징,12990.0,13090.0,14650.0,13270.0,0.77,12.78,-9.42
PKC,5710.0,5720.0,6410.0,5810.0,0.18,12.26,-9.36
유니온,4545.0,4500.0,5040.0,4570.0,1.0,10.89,-9.33
영원무역,57300.0,58900.0,64000.0,58100.0,2.79,11.69,-9.22
무학,7620.0,7710.0,8690.0,7890.0,1.18,14.04,-9.21
대한제당우,2450.0,2425.0,2700.0,2460.0,1.03,10.2,-8.89
진흥기업,708.0,711.0,803.0,732.0,0.42,13.42,-8.84
GS글로벌,2520.0,2515.0,2785.0,2540.0,0.2,10.52,-8.8
더본코리아,26150.0,25400.0,27850.0,25400.0,2.95,6.5,-8.8
SG세계물산,322.0,317.0,353.0,322.0,1.58,9.63,-8.78
SJM홀딩스,3560.0,3500.0,3875.0,3540.0,1.71,8.85,-8.65
대영포장,1132.0,1128.0,1260.0,1155.0,0.35,11.31,-8.33
대상,21700.0,21600.0,24600.0,22550.0,0.46,13.36,-8.33
유유제약1우,4730.0,4960.0,5230.0,4795.0,4.86,10.57,-8.32
서울식품,154.0,153.0,169.0,155.0,0.65,9.74,-8.28
한국내화,2290.0,2310.0,2415.0,2215.0,0.87,5.46,-8.28
LX하우시스우,17980.0,18650.0,18880.0,17320.0,3.73,5.01,-8.26
팜젠사이언스,4255.0,4295.0,4925.0,4520.0,0.94,15.75,-8.22
CJ씨푸드1우,17150.0,16830.0,18470.0,16960.0,1.9,7.7,-8.18
깨끗한나라,2135.0,2115.0,2280.0,2095.0,0.95,6.79,-8.11
동일고무벨트,6950.0,6990.0,7590.0,6990.0,0.58,9.21,-7.91
유유제약2우B,9900.0,10380.0,11320.0,10430.0,4.85,14.34,-7.86
동성케미컬,4270.0,4095.0,4580.0,4230.0,4.27,7.26,-7.64
에이프로젠바이오로직스,632.0,605.0,700.0,647.0,4.46,10.76,-7.57
SPC삼립,51500.0,52100.0,58300.0,53900.0,1.17,13.2,-7.55
SK텔레콤,54800.0,55100.0,58800.0,54400.0,0.55,7.3,-7.48
현대홈쇼핑,53500.0,52300.0,60200.0,55700.0,2.29,12.52,-7.48
CJ제일제당 우,133500.0,135900.0,153000.0,142000.0,1.8,14.61,-7.19
대덕,7510.0,7780.0,8690.0,8070.0,3.6,15.71,-7.13
천일고속,38800.0,41150.0,43600.0,40500.0,6.06,12.37,-7.11
고려제강,17800.0,17440.0,18860.0,17520.0,2.06,5.96,-7.1
대원제약,13180.0,13230.0,14020.0,13030.0,0.38,6.37,-7.06
대한항공우,22700.0,23500.0,25600.0,23800.0,3.52,12.78,-7.03
우진아이엔에스,2445.0,2420.0,3015.0,2805.0,1.03,23.31,-6.97
현대퓨처넷,3285.0,3200.0,3450.0,3210.0,2.66,5.02,-6.96
한솔제지,8600.0,8490.0,9260.0,8620.0,1.3,7.67,-6.91
이지스레지던스리츠,4000.0,4000.0,4295.0,4000.0,0.0,7.38,-6.87
대원화성,872.0,901.0,920.0,859.0,3.33,5.5,-6.63
동부건설우,19750.0,19680.0,20950.0,19580.0,0.36,6.08,-6.54
다스코,2755.0,2995.0,3210.0,3000.0,8.71,16.52,-6.54
두산밥캣,53100.0,52300.0,57200.0,53500.0,1.53,7.72,-6.47
DRB동일,4865.0,4990.0,5460.0,5110.0,2.57,12.23,-6.41
한국주강,1727.0,1792.0,1917.0,1795.0,3.76,11.0,-6.36
삼성바이오로직스,992000.0,992000.0,1100000.0,1030000.0,0.0,10.89,-6.36
삼성FN리츠,4325.0,4415.0,4655.0,4360.0,2.08,7.63,-6.34
한국제지,812.0,810.0,859.0,805.0,0.25,5.79,-6.29
HL D&I,2530.0,2450.0,2720.0,2550.0,3.27,7.51,-6.25
상신브레이크,2770.0,2905.0,3020.0,2835.0,4.87,9.03,-6.13
삼원강재,2320.0,2525.0,2615.0,2455.0,8.84,12.72,-6.12
에넥스,630.0,589.0,683.0,643.0,6.96,8.41,-5.86
우성,16510.0,16310.0,18460.0,17390.0,1.23,11.81,-5.8
대교우B,1288.0,1294.0,1358.0,1280.0,0.47,5.43,-5.74
씨아이테크,1157.0,1144.0,1231.0,1161.0,1.14,6.4,-5.69
동양,624.0,624.0,672.0,634.0,0.0,7.69,-5.65
WISCOM,1813.0,1908.0,2085.0,1968.0,5.24,15.0,-5.61
조흥,154200.0,154300.0,162000.0,153000.0,0.06,5.06,-5.56
제일파마홀딩스,7890.0,8480.0,9280.0,8770.0,7.48,17.62,-5.5
도화엔지니어링,6460.0,6430.0,6950.0,6570.0,0.47,7.59,-5.47
오뚜기,382000.0,382500.0,411000.0,389000.0,0.13,7.59,-5.35
인지컨트롤스,5770.0,5730.0,6260.0,5930.0,0.7,8.49,-5.27
아시아나항공,9450.0,9470.0,10090.0,9560.0,0.21,6.77,-5.25
ESR켄달스퀘어리츠,4405.0,4190.0,4852.0,4600.0,5.13,10.15,-5.19
한국주철관,6820.0,6720.0,7450.0,7070.0,1.49,9.24,-5.1
하나제약,11200.0,11570.0,12430.0,11800.0,3.3,10.98,-5.07
대창,1259.0,1271.0,1386.0,1316.0,0.95,10.09,-5.05
샘표식품,25850.0,25850.0,27850.0,26450.0,0.0,7.74,-5.03
금비,56400.0,56900.0,60500.0,57500.0,0.89,7.27,-4.96
NI스틸,3645.0,3515.0,3870.0,3685.0,3.7,6.17,-4.78
금호건설우,11500.0,11810.0,12430.0,11850.0,2.7,8.09,-4.67
삼호개발,3305.0,3350.0,3675.0,3505.0,1.36,11.2,-4.63
하이트진로2우B,15030.0,15490.0,16280.0,15560.0,3.06,8.32,-4.42
우진플라임,1990.0,1990.0,2265.0,2165.0,0.0,13.82,-4.42
JW중외제약우,28400.0,28600.0,30000.0,28700.0,0.7,5.63,-4.33
계양전기,1413.0,1433.0,1505.0,1440.0,1.42,6.51,-4.32
동원수산,5810.0,6040.0,6500.0,6220.0,3.96,11.88,-4.31
코람코라이프인프라리츠,4310.0,4260.0,4585.0,4400.0,1.17,6.38,-4.03
남선알미우,12520.0,12730.0,13310.0,12780.0,1.68,6.31,-3.98
동원시스템즈우,17100.0,17360.0,18330.0,17600.0,1.52,7.19,-3.98
유한양행우,96200.0,102400.0,113300.0,108800.0,6.44,17.78,-3.97
아시아나IDT,11420.0,11490.0,12150.0,11670.0,0.61,6.39,-3.95
맥쿼리인프라,10850.0,11340.0,11980.0,11510.0,4.52,10.41,-3.92
유안타증권우,3465.0,3465.0,3645.0,3505.0,0.0,5.19,-3.84
한독,11600.0,11670.0,12360.0,11890.0,0.6,6.55,-3.8
페이퍼코리아,719.0,723.0,765.0,736.0,0.56,6.4,-3.79
JW중외제약2우B,58400.0,60400.0,61500.0,59200.0,3.42,5.31,-3.74
GS리테일,15700.0,16210.0,17200.0,16560.0,3.25,9.55,-3.72
SB성보,2745.0,2675.0,2905.0,2800.0,2.62,5.83,-3.61
KPX홀딩스,66000.0,65400.0,69500.0,67100.0,0.92,5.3,-3.45
혜인,4885.0,5200.0,5600.0,5410.0,6.45,14.64,-3.39
인천도시가스,25350.0,25500.0,26800.0,25900.0,0.59,5.72,-3.36
KB스타리츠,3770.0,3795.0,4030.0,3905.0,0.66,6.9,-3.1
신한알파리츠,5350.0,5350.0,5830.0,5650.0,0.0,8.97,-3.09
TKG휴켐스,17270.0,17230.0,18220.0,17680.0,0.23,5.5,-2.96
지엠비코리아,3985.0,3965.0,4245.0,4120.0,0.5,6.52,-2.94
아주스틸,3740.0,3820.0,4005.0,3890.0,2.14,7.09,-2.87
보령,8250.0,8250.0,8940.0,8690.0,0.0,8.36,-2.8
LG전자우,34450.0,36150.0,37950.0,36900.0,4.93,10.16,-2.77
NH프라임리츠,4470.0,4580.0,4770.0,4640.0,2.46,6.71,-2.73
BGF,3810.0,3905.0,4045.0,3935.0,2.49,6.17,-2.72
대상우,16130.0,16330.0,17130.0,16690.0,1.24,6.2,-2.57
동방아그로,5920.0,6230.0,6350.0,6190.0,5.24,7.26,-2.52
핸즈코퍼레이션,1553.0,1553.0,1672.0,1631.0,0.0,7.66,-2.45
넥센타이어1우B,3185.0,3230.0,3350.0,3270.0,1.41,5.18,-2.39
KTcs,2790.0,2805.0,2950.0,2880.0,0.54,5.73,-2.37
미래에셋맵스리츠,2590.0,2610.0,2810.0,2745.0,0.77,8.49,-2.31
MH에탄올,4900.0,5010.0,5350.0,5230.0,2.24,9.18,-2.24
삼화페인트,5840.0,5960.0,6300.0,6160.0,2.05,7.88,-2.22
KTis,2815.0,2775.0,2975.0,2910.0,1.44,5.68,-2.18
농심,389500.0,382000.0,420500.0,412500.0,1.96,7.96,-1.9
퍼시스,42550.0,43400.0,45150.0,44300.0,2.0,6.11,-1.88
솔루스첨단소재1우,1622.0,1618.0,1759.0,1728.0,0.25,8.45,-1.76
메리츠금융지주,107800.0,108900.0,124100.0,122200.0,1.02,15.12,-1.53
디앤디플랫폼리츠,3000.0,3115.0,3360.0,3310.0,3.83,12.0,-1.49
이리츠코크렙,4180.0,4430.0,4740.0,4670.0,5.98,13.4,-1.48
조선내화,12180.0,12880.0,13630.0,13430.0,5.75,11.9,-1.47
대림바스,4265.0,4480.0,4640.0,4580.0,5.04,8.79,-1.29
삼양홀딩스,79900.0,81100.0,86200.0,85400.0,1.5,7.88,-0.93
마스턴프리미어리츠,1460.0,1520.0,1559.0,1545.0,4.11,6.78,-0.9
금강공업우,6380.0,6700.0,7260.0,7200.0,5.02,13.79,-0.83
부국증권우,24600.0,24850.0,26450.0,26250.0,1.02,7.52,-0.76
HDC현대EP,3900.0,3990.0,4180.0,4150.0,2.31,7.18,-0.72
케이탑리츠,917.0,946.0,964.0,958.0,3.16,5.13,-0.62
NH투자증권우,16100.0,16680.0,17300.0,17230.0,3.6,7.45,-0.4
이노션,16460.0,17510.0,18380.0,18340.0,6.38,11.66,-0.22
미창석유,98500.0,99100.0,108000.0,107900.0,0.61,9.64,-0.09
미래에셋글로벌리츠,2625.0,2670.0,2775.0,2775.0,1.71,5.71,0.0
고려아연,730000.0,759000.0,879000.0,880000.0,3.97,20.41,0.11
아이마켓코리아,7530.0,7900.0,8090.0,8180.0,4.91,7.44,1.11
수산세보틱스,1783.0,1802.0,1876.0,1902.0,1.07,5.22,1.39
한국철강,8950.0,8830.0,9840.0,9990.0,1.36,9.94,1.52
영풍,34700.0,34300.0,38050.0,38750.0,1.17,9.65,1.84
삼일제약,9840.0,9950.0,11340.0,11550.0,1.12,15.24,1.85
명신산업,8170.0,8120.0,8610.0,8770.0,0.62,5.39,1.86
화승알앤에이,3195.0,3150.0,3400.0,3475.0,1.43,6.42,2.21
명문제약,1618.0,1590.0,1710.0,1748.0,1.76,5.69,2.22
조광페인트,5310.0,5490.0,5840.0,5970.0,3.39,9.98,2.23
에이프로젠,638.0,650.0,733.0,752.0,1.88,14.89,2.59
대한항공,20150.0,21350.0,22950.0,23550.0,5.96,13.9,2.61
한온시스템,2985.0,3170.0,3375.0,3465.0,6.2,13.07,2.67
롯데리츠,3650.0,3790.0,3905.0,4020.0,3.84,6.99,2.94
한화리츠,3700.0,3775.0,3910.0,4025.0,2.03,5.68,2.94
영화금속,819.0,837.0,875.0,906.0,2.2,6.84,3.54
아세아시멘트,11050.0,12000.0,13140.0,13610.0,8.6,18.91,3.58
유수홀딩스,5170.0,5420.0,5590.0,5790.0,4.84,8.12,3.58
조선선재,97100.0,99200.0,105800.0,109700.0,2.16,8.96,3.69
한국토지신탁,1218.0,1202.0,1320.0,1371.0,1.33,8.37,3.86
효성ITX,11510.0,11990.0,12390.0,12870.0,4.17,7.65,3.87
코오롱글로벌,8000.0,8590.0,8880.0,9230.0,7.38,11.0,3.94
한성기업,5030.0,5050.0,5320.0,5530.0,0.4,5.77,3.95
미스토홀딩스,34450.0,33200.0,38900.0,40550.0,3.77,12.92,4.24
맵스리얼티1,4345.0,4480.0,4580.0,4775.0,3.11,5.41,4.26
이구산업,3930.0,4160.0,4425.0,4620.0,5.85,12.6,4.41
모나미,1937.0,2040.0,2085.0,2185.0,5.32,7.64,4.8
진양홀딩스,2920.0,3030.0,3075.0,3225.0,3.77,5.31,4.88
코람코더원리츠,4710.0,5060.0,5410.0,5690.0,7.43,14.86,5.18
성신양회,8890.0,9280.0,9920.0,10450.0,4.39,11.59,5.34
유한양행,101800.0,101100.0,116200.0,122600.0,0.69,14.15,5.51
삼진제약,16700.0,17330.0,17960.0,18960.0,3.77,7.54,5.57
KB발해인프라,7990.0,8150.0,8390.0,8860.0,2.0,5.01,5.6
HD현대마린솔루션,176700.0,186900.0,208500.0,220500.0,5.77,18.0,5.76
만호제강,26150.0,26350.0,27550.0,29150.0,0.76,5.35,5.81
진양산업,5440.0,5600.0,6180.0,6540.0,2.94,13.6,5.83
방림,4200.0,4285.0,4515.0,4780.0,2.02,7.5,5.87
제일기획,17120.0,17950.0,18590.0,19790.0,4.85,8.59,6.46
한국공항,61400.0,59000.0,66300.0,70700.0,4.07,7.98,6.64
경인전자,18520.0,19330.0,19610.0,20950.0,4.37,5.89,6.83
와이투솔루션,2795.0,3010.0,3510.0,3750.0,7.69,25.58,6.84
제이알글로벌리츠,2555.0,2470.0,2785.0,2980.0,3.44,9.0,7.0
광주신세계,25800.0,27650.0,28200.0,30200.0,7.17,9.3,7.09
DN오토모티브,20400.0,21550.0,23350.0,25050.0,5.64,14.46,7.28
롯데칠성,101900.0,100600.0,109700.0,117700.0,1.29,7.65,7.29
태경산업,4465.0,4855.0,5000.0,5390.0,8.73,11.98,7.8
셀트리온,148816.0,146215.0,158159.0,170500.0,1.78,6.28,7.8
쿠쿠홀딩스,28950.0,29000.0,31750.0,34300.0,0.17,9.67,8.03
현대차우,132900.0,145800.0,154000.0,167100.0,9.71,15.88,8.51
현대차3우B,133100.0,146000.0,154000.0,167300.0,9.69,15.7,8.64
크라운제과,7810.0,8250.0,8680.0,9430.0,5.63,11.14,8.64
유화증권우,2240.0,2380.0,2415.0,2640.0,6.25,7.81,9.32
현대차2우B,134300.0,146300.0,156000.0,170600.0,8.94,16.16,9.36
유성기업,1792.0,1956.0,1974.0,2160.0,9.15,10.16,9.42
엘앤에프,47800.0,48200.0,57200.0,63100.0,0.84,19.67,10.31
광동제약,5120.0,5390.0,5550.0,6130.0,5.27,8.4,10.45
KPX케미칼,42200.0,44250.0,45700.0,50500.0,4.86,8.29,10.5
에스원,65000.0,67200.0,71700.0,79700.0,3.38,10.31,11.16
SK증권우,1612.0,1710.0,1840.0,2050.0,6.08,14.14,11.41
현대약품,3310.0,3415.0,3575.0,3990.0,3.17,8.01,11.61
NHN,17560.0,18770.0,22700.0,25450.0,6.89,29.27,12.11
두올,2875.0,3090.0,3235.0,3640.0,7.48,12.52,12.52
샘표,40250.0,41400.0,43200.0,48650.0,2.86,7.33,12.62
스카이라이프,4275.0,4315.0,4535.0,5260.0,0.94,6.08,15.99
사조오양,7900.0,8200.0,8650.0,10130.0,3.8,9.49,17.11
KG케미칼,3475.0,3755.0,4020.0,4730.0,8.06,15.68,17.66
현대위아,39700.0,40050.0,43750.0,52200.0,0.88,10.2,19.31
HS애드,6650.0,7020.0,7280.0,8830.0,5.56,9.47,21.29
삼성전자,53000.0,54300.0,56600.0,69800.0,2.45,6.79,23.32
TP,1280.0,1289.0,1406.0,1744.0,0.7,9.84,24.04
아세아,256000.0,260500.0,280000.0,354000.0,1.76,9.38,26.43
세아홀딩스,89100.0,90200.0,94700.0,125000.0,1.23,6.29,32.0
한국화장품,6090.0,6680.0,7200.0,9650.0,9.69,18.23,34.03
KCTC,3505.0,3825.0,3940.0,5620.0,9.13,12.41,42.64
대덕전자,13120.0,13960.0,14860.0,23550.0,6.4,13.26,58.48
티에이치엔,2820.0,2800.0,3070.0,4970.0,0.71,8.87,61.89
코오롱모빌리티그룹우,3055.0,3035.0,3235.0,5450.0,0.66,5.89,68.47
화인베스틸,810.0,818.0,966.0,2380.0,0.99,19.26,146.38
